{
  "version": 1,
  "camera": {
    "pos": [
      0.0,
      0.0
    ],
    "zoom": 2.2106814074060814
  },
  "modules": [
    {
      "q": 0,
      "r": 0,
      "style": 0,
      "equip": [
        1,
        0,
        0,
        0,
        0,
        0
      ]
    },
    {
      "q": 1,
      "r": -1,
      "style": 1,
      "equip": [
        0,
        0,
        0,
        0,
        0,
        0
      ]
    },
    {
      "q": 0,
      "r": -1,
      "style": 0,
      "equip": [
        3,
        0,
        0,
        0,
        0,
        0
      ]
    }
  ],
  "totals": {
    "Energy": -3600.0,
    "O2": 82.0,
    "Waste": -4.0,
    "Food": 2.0,
    "Crew": 0.0,
    "Volume": 241.44999999999987
  },
  "timestamp": 1759697072.3421457
}