{
  "version": 1,
  "camera": {
    "pos": [
      80.71428571428572,
      22.500000000000007
    ],
    "zoom": 3.5
  },
  "modules": [
    {
      "q": 0,
      "r": 0,
      "style": 0,
      "equip": [
        4,
        4,
        4,
        4,
        4,
        4
      ]
    }
  ],
  "totals": {
    "Energy": -300.0,
    "O2": 0.0,
    "Waste": 0.0,
    "Food": 0.0,
    "Crew": 12.0,
    "Volume": 67.40000000000002
  },
  "timestamp": 1759695634.965271
}